<?xml version="1.0"?>
<!DOCTYPE properties SYSTEM "http://java.sun.com/dtd/properties.dtd">
<properties>
<entry key="directory">./</entry>
<entry key="simTime">4</entry>
<entry key="simName">MySample</entry>
<entry key="nThreads">2</entry>
<entry key="nPlaces">1</entry>
<entry key="numPhase">1</entry>
<entry key="launcherName">mysample.sim.SampleLauncher</entry>
<entry key="workFile">Sample/citizenPlaceMap.csv</entry>
<entry key="driverFile">Sample/driverPlaceMap.csv</entry>

<entry key="logFile">logs/sample</entry>
</properties>
